{
"Hi":"*Wassup*...? *How are You..!*",
"Good Morning":"*Good Morning 🌅*",
"Good Night":"*Good Night..🌉*",
"Bye":"*Bye bye....*",
"Makadii":"> *Wangu wadii❤‍🔥🤌🏻*",
"owner":"*Sir Gmax 🫀",
"Darrell":"Thats my handsome owner.🥰",
"Repo":"*Please follow me here bro\n\n *YT: @gmaxtv1661*\n*Github:github.com/mrfrank-ofc*",
"detect":"*This Bot Is A Copy Of Gmax Md Made by Sir Gmax this user stole it*",
"subzero":"*Hello how can i assist you?😣*",
"Tanzania":"*Best Country Ever🇹🇿☺*",
"Sir Gmax":"> *Thats My Daddy, who are you?🌚*", 
"dee":"*Chibaba ndakaipa ini🙌😂*",
"Hey":"*Hi human*",
"love":"*Luv you too mate 💗😁*"
}
